--
-- PostgreSQL database dump
--

-- Dumped from database version 12.17 (Ubuntu 12.17-1.pgdg22.04+1)
-- Dumped by pg_dump version 12.17 (Ubuntu 12.17-1.pgdg22.04+1)

SET statement_timeout = 0;
SET lock_timeout = 0;
SET idle_in_transaction_session_timeout = 0;
SET client_encoding = 'UTF8';
SET standard_conforming_strings = on;
SELECT pg_catalog.set_config('search_path', '', false);
SET check_function_bodies = false;
SET xmloption = content;
SET client_min_messages = warning;
SET row_security = off;

DROP DATABASE universe;
--
-- Name: universe; Type: DATABASE; Schema: -; Owner: freecodecamp
--

CREATE DATABASE universe WITH TEMPLATE = template0 ENCODING = 'UTF8' LC_COLLATE = 'C.UTF-8' LC_CTYPE = 'C.UTF-8';


ALTER DATABASE universe OWNER TO freecodecamp;

\connect universe

SET statement_timeout = 0;
SET lock_timeout = 0;
SET idle_in_transaction_session_timeout = 0;
SET client_encoding = 'UTF8';
SET standard_conforming_strings = on;
SELECT pg_catalog.set_config('search_path', '', false);
SET check_function_bodies = false;
SET xmloption = content;
SET client_min_messages = warning;
SET row_security = off;

SET default_tablespace = '';

SET default_table_access_method = heap;

--
-- Name: asteroids; Type: TABLE; Schema: public; Owner: freecodecamp
--

CREATE TABLE public.asteroids (
    asteroids_id integer NOT NULL,
    description text,
    name character varying(15) NOT NULL
);


ALTER TABLE public.asteroids OWNER TO freecodecamp;

--
-- Name: asteroids_asteroids_id_seq; Type: SEQUENCE; Schema: public; Owner: freecodecamp
--

CREATE SEQUENCE public.asteroids_asteroids_id_seq
    AS integer
    START WITH 1
    INCREMENT BY 1
    NO MINVALUE
    NO MAXVALUE
    CACHE 1;


ALTER TABLE public.asteroids_asteroids_id_seq OWNER TO freecodecamp;

--
-- Name: asteroids_asteroids_id_seq; Type: SEQUENCE OWNED BY; Schema: public; Owner: freecodecamp
--

ALTER SEQUENCE public.asteroids_asteroids_id_seq OWNED BY public.asteroids.asteroids_id;


--
-- Name: galaxy; Type: TABLE; Schema: public; Owner: freecodecamp
--

CREATE TABLE public.galaxy (
    galaxy_id integer NOT NULL,
    name character varying(15) NOT NULL,
    description text,
    our_galaxy boolean,
    lenght numeric(7,2)
);


ALTER TABLE public.galaxy OWNER TO freecodecamp;

--
-- Name: galaxy_id_galaxy_seq; Type: SEQUENCE; Schema: public; Owner: freecodecamp
--

CREATE SEQUENCE public.galaxy_id_galaxy_seq
    AS integer
    START WITH 1
    INCREMENT BY 1
    NO MINVALUE
    NO MAXVALUE
    CACHE 1;


ALTER TABLE public.galaxy_id_galaxy_seq OWNER TO freecodecamp;

--
-- Name: galaxy_id_galaxy_seq; Type: SEQUENCE OWNED BY; Schema: public; Owner: freecodecamp
--

ALTER SEQUENCE public.galaxy_id_galaxy_seq OWNED BY public.galaxy.galaxy_id;


--
-- Name: moon; Type: TABLE; Schema: public; Owner: freecodecamp
--

CREATE TABLE public.moon (
    moon_id integer NOT NULL,
    name character varying(15) NOT NULL,
    planet_id integer,
    description character varying(15),
    planets integer
);


ALTER TABLE public.moon OWNER TO freecodecamp;

--
-- Name: moon_id_moon_seq; Type: SEQUENCE; Schema: public; Owner: freecodecamp
--

CREATE SEQUENCE public.moon_id_moon_seq
    AS integer
    START WITH 1
    INCREMENT BY 1
    NO MINVALUE
    NO MAXVALUE
    CACHE 1;


ALTER TABLE public.moon_id_moon_seq OWNER TO freecodecamp;

--
-- Name: moon_id_moon_seq; Type: SEQUENCE OWNED BY; Schema: public; Owner: freecodecamp
--

ALTER SEQUENCE public.moon_id_moon_seq OWNED BY public.moon.moon_id;


--
-- Name: planet; Type: TABLE; Schema: public; Owner: freecodecamp
--

CREATE TABLE public.planet (
    planet_id integer NOT NULL,
    name character varying(15) NOT NULL,
    star_id integer,
    description character varying(15),
    ours boolean
);


ALTER TABLE public.planet OWNER TO freecodecamp;

--
-- Name: planet_id_planet_seq; Type: SEQUENCE; Schema: public; Owner: freecodecamp
--

CREATE SEQUENCE public.planet_id_planet_seq
    AS integer
    START WITH 1
    INCREMENT BY 1
    NO MINVALUE
    NO MAXVALUE
    CACHE 1;


ALTER TABLE public.planet_id_planet_seq OWNER TO freecodecamp;

--
-- Name: planet_id_planet_seq; Type: SEQUENCE OWNED BY; Schema: public; Owner: freecodecamp
--

ALTER SEQUENCE public.planet_id_planet_seq OWNED BY public.planet.planet_id;


--
-- Name: star; Type: TABLE; Schema: public; Owner: freecodecamp
--

CREATE TABLE public.star (
    star_id integer NOT NULL,
    name character varying(15) NOT NULL,
    galaxy_id integer,
    description character varying(15),
    size integer
);


ALTER TABLE public.star OWNER TO freecodecamp;

--
-- Name: star_id_star_seq; Type: SEQUENCE; Schema: public; Owner: freecodecamp
--

CREATE SEQUENCE public.star_id_star_seq
    AS integer
    START WITH 1
    INCREMENT BY 1
    NO MINVALUE
    NO MAXVALUE
    CACHE 1;


ALTER TABLE public.star_id_star_seq OWNER TO freecodecamp;

--
-- Name: star_id_star_seq; Type: SEQUENCE OWNED BY; Schema: public; Owner: freecodecamp
--

ALTER SEQUENCE public.star_id_star_seq OWNED BY public.star.star_id;


--
-- Name: asteroids asteroids_id; Type: DEFAULT; Schema: public; Owner: freecodecamp
--

ALTER TABLE ONLY public.asteroids ALTER COLUMN asteroids_id SET DEFAULT nextval('public.asteroids_asteroids_id_seq'::regclass);


--
-- Name: galaxy galaxy_id; Type: DEFAULT; Schema: public; Owner: freecodecamp
--

ALTER TABLE ONLY public.galaxy ALTER COLUMN galaxy_id SET DEFAULT nextval('public.galaxy_id_galaxy_seq'::regclass);


--
-- Name: moon moon_id; Type: DEFAULT; Schema: public; Owner: freecodecamp
--

ALTER TABLE ONLY public.moon ALTER COLUMN moon_id SET DEFAULT nextval('public.moon_id_moon_seq'::regclass);


--
-- Name: planet planet_id; Type: DEFAULT; Schema: public; Owner: freecodecamp
--

ALTER TABLE ONLY public.planet ALTER COLUMN planet_id SET DEFAULT nextval('public.planet_id_planet_seq'::regclass);


--
-- Name: star star_id; Type: DEFAULT; Schema: public; Owner: freecodecamp
--

ALTER TABLE ONLY public.star ALTER COLUMN star_id SET DEFAULT nextval('public.star_id_star_seq'::regclass);


--
-- Data for Name: asteroids; Type: TABLE DATA; Schema: public; Owner: freecodecamp
--

INSERT INTO public.asteroids VALUES (1, NULL, 'one');
INSERT INTO public.asteroids VALUES (2, NULL, 'two');
INSERT INTO public.asteroids VALUES (3, NULL, 'three');


--
-- Data for Name: galaxy; Type: TABLE DATA; Schema: public; Owner: freecodecamp
--

INSERT INTO public.galaxy VALUES (1, 'Andromeda', NULL, NULL, NULL);
INSERT INTO public.galaxy VALUES (2, 'Via Lactea', NULL, NULL, NULL);
INSERT INTO public.galaxy VALUES (3, 'Triangulo', NULL, NULL, NULL);
INSERT INTO public.galaxy VALUES (4, 'Messier 87', NULL, NULL, NULL);
INSERT INTO public.galaxy VALUES (5, 'Sombrero', NULL, NULL, NULL);
INSERT INTO public.galaxy VALUES (6, 'NGC 1300', NULL, NULL, NULL);


--
-- Data for Name: moon; Type: TABLE DATA; Schema: public; Owner: freecodecamp
--

INSERT INTO public.moon VALUES (1, 'moonfd', 4, NULL, NULL);
INSERT INTO public.moon VALUES (2, 'moond', 5, NULL, NULL);
INSERT INTO public.moon VALUES (3, 'moon11', 6, NULL, NULL);
INSERT INTO public.moon VALUES (4, 'moon12', 7, NULL, NULL);
INSERT INTO public.moon VALUES (5, 'moon13', 8, NULL, NULL);
INSERT INTO public.moon VALUES (6, 'moon14', 9, NULL, NULL);
INSERT INTO public.moon VALUES (7, 'moon15', 10, NULL, NULL);
INSERT INTO public.moon VALUES (8, 'moon16', 11, NULL, NULL);
INSERT INTO public.moon VALUES (9, 'moon17', 12, NULL, NULL);
INSERT INTO public.moon VALUES (10, 'moonddf', 1, NULL, NULL);
INSERT INTO public.moon VALUES (11, 'moond1', 2, NULL, NULL);
INSERT INTO public.moon VALUES (12, 'moon2', 3, NULL, NULL);
INSERT INTO public.moon VALUES (13, 'moon3', 4, NULL, NULL);
INSERT INTO public.moon VALUES (14, 'moon4', 8, NULL, NULL);
INSERT INTO public.moon VALUES (15, 'moon5', 9, NULL, NULL);
INSERT INTO public.moon VALUES (16, 'moon6', 10, NULL, NULL);
INSERT INTO public.moon VALUES (17, 'moon7', 11, NULL, NULL);
INSERT INTO public.moon VALUES (18, 'moon8', 12, NULL, NULL);
INSERT INTO public.moon VALUES (19, 'moon56-5', 8, NULL, NULL);
INSERT INTO public.moon VALUES (20, 'moonSuper', 7, NULL, NULL);


--
-- Data for Name: planet; Type: TABLE DATA; Schema: public; Owner: freecodecamp
--

INSERT INTO public.planet VALUES (11, 'Ceres', 3, NULL, NULL);
INSERT INTO public.planet VALUES (12, 'Haumea', 4, NULL, NULL);
INSERT INTO public.planet VALUES (1, 'Mercurio', 2, NULL, NULL);
INSERT INTO public.planet VALUES (2, 'Venus', 2, NULL, NULL);
INSERT INTO public.planet VALUES (3, 'Tierra', 2, NULL, NULL);
INSERT INTO public.planet VALUES (4, 'Marte', 2, NULL, NULL);
INSERT INTO public.planet VALUES (5, 'Júpiter', 2, NULL, NULL);
INSERT INTO public.planet VALUES (6, 'Saturno', 2, NULL, NULL);
INSERT INTO public.planet VALUES (7, 'Urano', 2, NULL, NULL);
INSERT INTO public.planet VALUES (8, 'Neptuno', 2, NULL, NULL);
INSERT INTO public.planet VALUES (9, 'Plutón', 2, NULL, NULL);
INSERT INTO public.planet VALUES (10, 'Eris', 1, NULL, NULL);


--
-- Data for Name: star; Type: TABLE DATA; Schema: public; Owner: freecodecamp
--

INSERT INTO public.star VALUES (1, 'Sirius', 1, NULL, NULL);
INSERT INTO public.star VALUES (2, 'Sol', 2, NULL, NULL);
INSERT INTO public.star VALUES (3, 'Betelgeuse', 3, NULL, NULL);
INSERT INTO public.star VALUES (4, 'Rigel', 4, NULL, NULL);
INSERT INTO public.star VALUES (5, 'Vega', 5, NULL, NULL);
INSERT INTO public.star VALUES (6, 'Aldebaran', 6, NULL, NULL);


--
-- Name: asteroids_asteroids_id_seq; Type: SEQUENCE SET; Schema: public; Owner: freecodecamp
--

SELECT pg_catalog.setval('public.asteroids_asteroids_id_seq', 3, true);


--
-- Name: galaxy_id_galaxy_seq; Type: SEQUENCE SET; Schema: public; Owner: freecodecamp
--

SELECT pg_catalog.setval('public.galaxy_id_galaxy_seq', 6, true);


--
-- Name: moon_id_moon_seq; Type: SEQUENCE SET; Schema: public; Owner: freecodecamp
--

SELECT pg_catalog.setval('public.moon_id_moon_seq', 20, true);


--
-- Name: planet_id_planet_seq; Type: SEQUENCE SET; Schema: public; Owner: freecodecamp
--

SELECT pg_catalog.setval('public.planet_id_planet_seq', 12, true);


--
-- Name: star_id_star_seq; Type: SEQUENCE SET; Schema: public; Owner: freecodecamp
--

SELECT pg_catalog.setval('public.star_id_star_seq', 6, true);


--
-- Name: asteroids asteroids_asteroids_id_key; Type: CONSTRAINT; Schema: public; Owner: freecodecamp
--

ALTER TABLE ONLY public.asteroids
    ADD CONSTRAINT asteroids_asteroids_id_key UNIQUE (asteroids_id);


--
-- Name: asteroids asteroids_pkey; Type: CONSTRAINT; Schema: public; Owner: freecodecamp
--

ALTER TABLE ONLY public.asteroids
    ADD CONSTRAINT asteroids_pkey PRIMARY KEY (asteroids_id);


--
-- Name: galaxy galaxy_name_key; Type: CONSTRAINT; Schema: public; Owner: freecodecamp
--

ALTER TABLE ONLY public.galaxy
    ADD CONSTRAINT galaxy_name_key UNIQUE (name);


--
-- Name: galaxy galaxy_pkey; Type: CONSTRAINT; Schema: public; Owner: freecodecamp
--

ALTER TABLE ONLY public.galaxy
    ADD CONSTRAINT galaxy_pkey PRIMARY KEY (galaxy_id);


--
-- Name: moon moon_name_key; Type: CONSTRAINT; Schema: public; Owner: freecodecamp
--

ALTER TABLE ONLY public.moon
    ADD CONSTRAINT moon_name_key UNIQUE (name);


--
-- Name: moon moon_pkey; Type: CONSTRAINT; Schema: public; Owner: freecodecamp
--

ALTER TABLE ONLY public.moon
    ADD CONSTRAINT moon_pkey PRIMARY KEY (moon_id);


--
-- Name: planet planet_name_key; Type: CONSTRAINT; Schema: public; Owner: freecodecamp
--

ALTER TABLE ONLY public.planet
    ADD CONSTRAINT planet_name_key UNIQUE (name);


--
-- Name: planet planet_pkey; Type: CONSTRAINT; Schema: public; Owner: freecodecamp
--

ALTER TABLE ONLY public.planet
    ADD CONSTRAINT planet_pkey PRIMARY KEY (planet_id);


--
-- Name: star star_name_key; Type: CONSTRAINT; Schema: public; Owner: freecodecamp
--

ALTER TABLE ONLY public.star
    ADD CONSTRAINT star_name_key UNIQUE (name);


--
-- Name: star star_pkey; Type: CONSTRAINT; Schema: public; Owner: freecodecamp
--

ALTER TABLE ONLY public.star
    ADD CONSTRAINT star_pkey PRIMARY KEY (star_id);


--
-- Name: moon moon_planet_id_fkey; Type: FK CONSTRAINT; Schema: public; Owner: freecodecamp
--

ALTER TABLE ONLY public.moon
    ADD CONSTRAINT moon_planet_id_fkey FOREIGN KEY (planet_id) REFERENCES public.planet(planet_id);


--
-- Name: planet planet_star_id_fkey; Type: FK CONSTRAINT; Schema: public; Owner: freecodecamp
--

ALTER TABLE ONLY public.planet
    ADD CONSTRAINT planet_star_id_fkey FOREIGN KEY (star_id) REFERENCES public.star(star_id);


--
-- Name: star star_galaxy_id_fkey; Type: FK CONSTRAINT; Schema: public; Owner: freecodecamp
--

ALTER TABLE ONLY public.star
    ADD CONSTRAINT star_galaxy_id_fkey FOREIGN KEY (galaxy_id) REFERENCES public.galaxy(galaxy_id);


--
-- PostgreSQL database dump complete
--

